business	trade	where	domain	live_postings_since_2026-09-01	status
Binsky Home Service	HVAC / plumbing	NJ	binskyhome.com	9	Confirmed
Delaware Valley Paving	Paving	PA HQ, growth roles in TX	delawarevalleypaving.com	17	Cited PA role not found
Grand View Roofing & Exteriors	Roofing	NJ	gvexteriors.com	2	Cited marketing role not live
Veterans Roofing	Roofing	NJ	veteransroofingnj.com		0 live roles
Teph Seal Auto Appearance	Auto appearance / detailing	GA, IL, PA, TX, FL	tephseal.com		Live via other sources, none from this feed
CSN Collision	Collision	IL	1collision.net		Live via other sources, none from this feed
Gerber Collision & Glass	Collision	multi-state	gerbercollision.com	687	Large chain
Crash Champions	Collision	multi-state	crashchampions.com	1000	Large chain
Classic Collision	Collision	GA, FL	classiccollision.com	605	Large chain
Tint World	Window tint / PPF	OH (franchise)	tintworld.com	17	No marketing role
All-Pro Auto Reconditioning	Detailing / reconditioning	TX, GA	allprorecon.com	60	Confirmed (Marketing Strategist)
Ken Garff Automotive Group	Dealer group	UT, TX	kengarff.com	340	Dealer group
Delray Buick GMC	Dealer + collision + detail	FL	delraybuickgmc.com	56	Confirmed (BDR)
